projectId,taskId
6011136a2d25b926974d9ec9,a083c997-af8a-4752-97dd-e06a03685add
60116ad0b2126d76f60b0fb3,f66f67a6-9399-4f26-8a9b-99a4562934b3
601251dbb2126d76f60b0fb8,9a73edc3-f7bf-4b16-9865-920e7c55c1e7
601287e7c4a0d070a331afa0,67510584-13c7-487a-bc81-70fb5e8161bc
60179ed5d0993d433a596ddf,7299cadb-0bf1-4ecd-a816-919a94c21515
601813f4d0993d433a596de3,f2b44d2d-ede2-4265-97ab-481c0bf8bdff
6018e75f14969a4cfd76f52c,08b322de-b6bc-4781-90c6-98427fd57011
6018ef65879c09505d77fc3d,7065398a-20fd-46e7-9012-67a14a38066e
601bba6f9a9eff190c323a59,f9ff2f69-6437-4d69-b9be-88ab8c818393
601c0ebe5f2b3f5d79f434f2,688edcff-8cad-41fd-b236-fbe40cba6113
6023ee867b0b9f5eaba59690,bd233e93-bf53-4409-8361-db25497b47a5
60251e6f37b7622850cdf647,69646505-14c9-40cb-8280-ccb73eeedb04
602672db9279012469c1fd2c,76c762c6-5d37-4ff5-9eb8-e2bffeb8fba9
6026736a9279012469c1fd2e,c1c2bffe-78d8-47a5-96c4-d5a091bc297b
60267a079279012469c1fd2f,b4072378-eeb1-454b-9f86-4dfda46eb4f6
60349db64bf698739ffdf684,216f775c-5bf5-4a0b-bee7-4412cade7f2e
603c6636a6d99306cb47d26a,58ddb824-0610-406a-afe3-99163b1ceb93
603dc7cdc60f0c47fc4dc6f5,438e36b8-5c53-4def-8158-853ef14b86de
603dcb9dc60f0c47fc4dc6f7,71900f2d-5ea4-49e5-9c4f-1fdd56c0aba0
603df01cc60f0c47fc4dc6f8,b2a1890e-7cd9-4e05-b17a-a46818c747b0
603e25bfc60f0c47fc4dc6fd,64f1285a-e182-485a-958e-682c09bbbb0f
603e276cc60f0c47fc4dc6fe,8397609d-b4a6-499b-91ec-d614be9b2c04
603f2e95c60f0c47fc4dc701,6ff3fbc7-15d1-477a-8300-38f579f8d115
60472095c0a1de52f2302e75,82ff7de9-b16c-456b-adfb-133fe94e4453
60475642c0a1de52f2302e78,7b445b80-c49d-466a-84c0-dcbb84179197
60546a81b807066d9cddba26,575dee90-ba0f-413c-8cca-f6d753e3dfae
60546bbbb807066d9cddba28,358c3d7d-6f86-49e0-b78c-b7b4cc24aee1
6061889ddd52ac672fcfcc37,249dbc9e-54dd-41e5-b3d5-ae1fb3c0bbae
6061891fdd52ac672fcfcc38,51386746-4dd2-4cfd-a849-1b7843c861cc
6065c554e9259b7f0b1f5d60,94cf4fc7-9b31-4e91-875e-caf74c748fb9
6065ced7e9259b7f0b1f5d66,eccd232c-c564-480a-afc5-19e061b7a7ea
60796f5cb2cc294853488590,4a66d9f4-bfff-4f8e-a4ff-d9e57dd1303c
608beac8e4b5df4956f9ce2d,512f57c6-3c54-4fcb-8318-98e96f76f6e8
608bf573e4b5df4956f9ce2f,b47866cb-a572-49fa-af1b-b36c25a857be
608fe092e4b5df4956f9ce3b,83a0b7eb-1934-4c97-9590-251f0d9b96cc
60a224f34216f95037ba8e62,831a6517-ac75-4e5c-9846-bcaaa9d6fb72
60a232a94216f95037ba8e66,2dc52dd1-5bde-471a-ae2d-e5015c080153
60a36da24216f95037ba8e72,cbff0c8e-8329-46db-8e8a-aa4bea684da4
60a36dd84216f95037ba8e74,c6deac0b-5393-41ba-b5fd-4f45dcc94f6a
60a38b044216f95037ba8e75,3e5dd96a-0a33-472d-b907-1e26520becc8
60a4ed4c4216f95037ba8e77,72443099-8eb6-470e-9ec8-c9cd3e0a754f
60a638064216f95037ba8e7e,f29a8ae1-51b5-42d8-bdbc-6824e773d970
60aa1c88b4387929d93a2dd9,5fa22ed9-f44c-46e9-8b6b-11a2666bc875
60aa4da0b4387929d93a2de3,1c65e077-f8bc-45af-8e3a-89fa6ddcfd0f
60aa9fa3b4387929d93a2de4,3afc86c3-5510-4e5e-903e-d58a8d7709ac
60ab1dfcb4387929d93a2de5,599a3b24-5b30-46da-a78d-faf97d9c1ed5
60ab2549b4387929d93a2de7,a23fdae7-23b0-4ed3-9eef-3b289f8e11f8
60ab2644b4387929d93a2de8,03c0f10b-eee9-4da1-8cca-73689f9ede15
60ab34cc6766a203f6d38ecf,7d642ffe-de0a-4388-b992-d436ac4d36b4
60ab5a1b6766a203f6d38ed2,931566b9-3308-467d-9bd3-e051caa0faf4
60ab5c5c6766a203f6d38ed3,d454110b-b394-4aef-ab45-accd6b5b89b0
60ab819a76d6f07c8d214aed,bc909ff4-b876-4313-9470-6308a9f7f47a
60ab860676d6f07c8d214aee,0709440d-723b-4262-8e53-b2ff7fb015ec
60aca8918c215e143c142735,45a3dc3b-fda9-45f3-a5bd-4ac81dd56902
60acb3b08c215e143c14273d,5233cc1d-15de-4716-9d94-73461ccf782f
60adeef054e8ce504fd25c4f,0a0d66e6-1f5a-4b37-9ba8-ba955ddb8aa8
60b46dde135a3955b2407cd2,3823a8d2-fc17-4600-9e6f-4ab22de9936a
60b4a6e4135a3955b2407cd5,dfe9ad49-f74b-4dc1-95f2-42e31905dabb
60b5f1bc5ab1c75590b0934e,7c2c0885-e286-4c18-9493-40da5251774a
60b89f86bbc1a514efb11b71,2634db55-d928-4ed6-ab81-9b02264448dc
60c21a7bbbc1a514efb11b80,d5f956cc-1cb9-459e-ad10-0c7a2aff6d58
60d0382ab518727321218cb0,64b603a9-98be-4822-abfc-f1c2da2c9090
60d0619cb518727321218cb1,470faf24-b285-43b4-8659-4e862d6df743
60d08716b518727321218cb2,f038668d-9c05-4ac3-b2a3-889ecf2b7247
60d09ad3b518727321218cb5,85917a97-19cb-44ef-a1bb-6211ba6aa1e7
60d16cc9b518727321218cb9,36a232c9-84fe-4f19-9dc7-7cea6120ec79
60d41683b518727321218cc7,0b2d2e9c-cac5-4318-a5c2-5bad59778449
60d5b0d4c6590d723e770b92,91d2dbbe-7c44-432f-b4a5-d36323be7f24
60d5e1e2034e7d759a0c7896,b7266cc2-08d4-44d6-815b-5144c743f4db
60d9598df4e63e0b32f0d68c,59a1bfdc-018c-45b6-a6ef-504545836216
60d97ee7f4e63e0b32f0d68f,1bf1be61-431b-4cb1-a2ae-58d8de1cb0e7
60dac730f4e63e0b32f0d696,a8690590-9f5d-48e6-932a-cf3d7d87b9d6
60ebfaf36189261522119399,e4383ed3-f9a1-4c6f-9d19-a14c3b8aa8f8
60ed7a65618926152211939b,665ffff7-5313-4904-b3db-bf13d595a78a
60ed7ae8618926152211939d,3084f89d-2a1e-41d1-a7bb-a19b6482426f
60eda7a1e4e889288a2bd10d,ec78ac34-46b6-4e9b-9c7a-b31bf63450e8
60eda7f0e4e889288a2bd10e,404aed2a-acab-4702-9a8e-2fa4230992fc
60f02d27e4e889288a2bd119,80ac6003-44e9-4650-bf26-4d6e784465f3
60f7ed44d0b9363853954901,e6642beb-7c86-421b-a32c-1730e289a38a
60f9c96ea53ea25b2bb38bac,d3800e6e-db14-42b6-87cf-d5ae568dfc89
6100fc744a40e8020123f5fe,ea81c309-ec59-4d1e-b52a-cdad41315678
6103a6083f14462b87136837,b0535c2c-22a1-400d-8fe4-5e923d2f60e5
6103ce904a40e8020123f61a,bb1c7558-6d72-40a6-8daa-b39131f90632
61064a5d3f14462b8713683d,2ba271e6-e65e-41ff-917c-1e41a1d30015
6107608d3f14462b8713683e,6e727aea-5906-4682-b07b-b01ab0f82afb
61092065ebe2a23e517c8e5d,7eacef11-22a2-488e-9199-c024625386f4
610a693eebe2a23e517c8e60,beeebf51-071e-483c-9b81-a919450c8c89
610b7e25c0a80e3d6322dedf,b90d5c2e-4c31-43b9-afe1-601cdd500970
610b84afc0a80e3d6322dee2,5e0b5416-bfbe-4e69-80ee-53ec1069b79c
610b8755c0a80e3d6322dee3,88160ecf-9882-443f-8dc9-13b0e30ffebf
610d0108ca2d447a5e2d74fb,c36ecf06-7c2a-43ad-ae17-e262f8c0ebee
611e4a9b3138a31e0e39c673,78d09d78-4ab6-4895-b219-faeddf052723
611f90a03138a31e0e39c690,41c0af41-4a26-423e-b6ab-63d7ff447316
6136fe0024f415203c37e9d4,b8e1602b-6d04-4121-88d0-afd03557dfbc
6153fb7e90eab80008d18493,e648f1ff-ed77-4177-b771-5db7d2f1aef2
615450cf90eab80008d18535,0547c01a-0d76-4af7-bc58-43fb8d1add16
6167d3e01b6f520007e57b27,3e451246-f114-40ef-80d5-ccb22c16d732
6183a6f1501c2f0008a373a5,93af5fa0-a3b6-4101-b597-53eed5616259
6183bf04501c2f0008a3742e,32d89edf-9594-4e37-8ee3-4d10a58983f2
6183ca72501c2f0008a3756b,f1258b66-1c41-4fcc-81b8-39f641b07821
6188fb541cc0730007dbb825,f4a7ad47-2b0a-4d30-83ea-a63a9a55feb8
618909d71cc0730007dbb89f,bf43e50b-fccf-4809-a748-dc930212a4b4
618910bf1cc0730007dbb929,9a284d0f-75e8-4416-a631-43c219eda40c
618ca4491cc0730007dbbaec,29251545-95eb-4442-959e-3d967706c749
619c92249af0aa0007264205,ec118b1a-58db-411c-a0a9-1adf9d3d4f1f
61a3abce82ad8f000897c509,c0cb0170-5250-4880-b7bd-d4e8c893120f
61a3ac8882ad8f000897c51b,4482aa73-b9dc-411c-80a4-01f5c0d81a36
61a4888282ad8f000897c5a7,bd87e412-f2af-4aab-b345-bc05ce5d7b6d
61a49d0082ad8f000897c62d,9ca630cd-7775-41d2-8f7c-1a76a416e70c
61a4aaec82ad8f000897c692,b8f790ec-7d8b-4b76-aef0-bc4d78148807
61a5ad7782ad8f000897c9c4,9457e870-af0e-4211-9fab-d5b67bc5bce4
61a60a5582ad8f000897ca95,ec61b8af-0dcc-4c12-8691-a97281629712
61a60f5d82ad8f000897cb5b,5aabca77-4d3f-4bda-8757-950a5f24990d
61a6119182ad8f000897cb97,4628eb60-1d20-4b84-adba-c16de4ee0077
61a6149582ad8f000897cbcc,3aff28a0-6d99-4355-9378-52ca1d54b479
61a6188082ad8f000897cc1c,fc7b5c9d-f013-4925-b8a3-d14cc8e9b35a
61a6191582ad8f000897cc3c,c0c9cdcf-3685-40c7-a23a-2af19dbf0c4b
61a74b3b82ad8f000897cc5c,762cf73c-c2dd-4762-8a1b-7bcbb2260db1
61a8686582ad8f000897ccad,93fde0ba-1922-4c49-95cb-a4aabebfee97
61a8713b82ad8f000897cd35,056f6d72-d486-48a7-9b72-da8e2d040fca
61a8723182ad8f000897cd51,707bbfad-32ef-4bbd-9414-99940eaaabd5
61a8742482ad8f000897cde9,e29a5b81-cebe-40fa-8719-3942f40fbec7
61a8743282ad8f000897ce01,6e08dad3-e4fa-4ef0-8ae5-2746c5e15f2c
61a8a52b82ad8f000897d019,83d8f415-8d1e-43fd-b9ab-25edbabc2876
61a8a53482ad8f000897d027,87caa859-82f7-45f1-be13-736d5bec0142
61a8a53d82ad8f000897d035,d1d5ee87-fa49-4501-b247-fd5083aa23e2
61a8a55382ad8f000897d05c,6f684ff4-23a9-4469-a6e8-d40c0fc9212f
61a8a91a82ad8f000897d0ae,c7ec9824-2e95-47f3-9317-c350ad8ec6ff
61a8ba1582ad8f000897d1e2,18924256-30f1-4fd3-8935-c10007ce55c3
61a9b6f982ad8f000897d2fc,7b0df81e-35bd-4eee-872a-955247fb1b4d
61a9b74182ad8f000897d315,313b0aca-9d4e-4a6f-a417-a4275c9ed39e
61a9b79082ad8f000897d327,a6ef9032-0170-4ffc-aa9a-cd807b4a1176
61ad6f2a82ad8f000897d45c,0a0eb93e-d46e-46ce-b606-f3e6ad939bae
61ad8d1a82ad8f000897d496,a41ffa2a-da22-4f10-9532-93e0b4f64f0b
61adcb4a82ad8f000897d5d1,3551442c-b6b0-4ca8-88d2-8e3975d1bc11
61adce7f82ad8f000897d620,69059a64-a8d8-441f-916d-e091851afdbe
61adfc3b95c11400072f3ca4,31978c1e-0c49-4cba-a8d5-a116148559db
61adfcbd95c11400072f3ccd,dea2f965-a650-4398-bb2c-c8155f2620f7
61adfd5695c11400072f3cee,668377b4-a58d-4b70-aa04-6381eed2e116
61aef4de95c11400072f3e79,3679b46e-edca-4789-ac39-1a6275548f75
61aef96195c11400072f3eb1,f2e92676-6869-406b-aa6a-763d4552e25d
61af1d7795c11400072f3f63,0bd87ce4-1acc-4cb8-be09-3fb2aa1e1773
61af2a7895c11400072f3f94,e014ba15-7d60-4761-bf5d-db1fd2981823
61c2bf359c02990007b49173,8feb480b-37d1-41db-be97-bb75c04fb190
61dbc243ed82ac00085e620a,94b5be71-1c89-4dbb-96cc-7c7a17a9acae
61dbd181ed82ac00085e6265,8020ff6e-ca66-4974-8dc0-0effbe5ec8d5
61dc2d4bed82ac00085e62bf,29a6f5e7-e57d-4725-bd7b-1307b6a18fb3
61dc3845ed82ac00085e6362,fc627c0f-63c5-4cde-932a-d7a2e9dc73fb
61dc3941ed82ac00085e638f,4a565464-48d1-43a4-9965-917f703826cb
61dc406aed82ac00085e63ad,0f6bdbb9-e419-4f6d-8544-345c348a2336
61dc40fbed82ac00085e63bf,6e010e57-61ed-4f6a-a808-6955e2849acc
61dc42b6ed82ac00085e63dd,c67b0525-4870-4841-853f-976874e70600
61dc42c5ed82ac00085e63ec,1653a232-ee19-4af1-8fa6-fd2a19c31885
61dc42f2ed82ac00085e6408,a81a51a3-25bb-4797-abdc-88571205d2ba
61dc47a7ed82ac00085e642b,6404db22-f4d6-47fb-9b9d-712aad5f4a08
61dc4865ed82ac00085e643f,bbc9a3cc-3994-47b7-85e5-0a1f688f7110
61dc4da9ed82ac00085e6462,12861c67-6886-4437-8fbf-77b2f19d90ea
61dc4e09ed82ac00085e6478,2756a20c-9b22-46d2-b1e1-85c545f696d5
61dd3aabed82ac00085e6522,869c5a2c-4d6b-4b44-8d3d-d4ac1307c06d
61ded9902cdc370007720b74,e305b8f2-9011-41ec-b1ee-0e12290ae9e5
61dee9c92cdc370007720b9d,2cf2ea51-9d34-4f67-8df3-2810a197c39b
61dffb0b2cdc370007720d25,6d0b1204-64ef-49e1-a382-fdb1fc6bce5d
61e00aac2cdc370007720d93,95a1f2fa-6e4c-4ac1-bfa6-3ce6d514329d
61e4f46e2cdc370007720df7,cbfb8e5f-f633-41ca-9f99-704514f4b7b1
61e524162cdc370007720f37,1a8db72e-bea8-4398-9349-fa07f06de926
61e525c12cdc370007720f50,4461367b-ad97-4bed-bbbf-100b1cb371fb
61e527422cdc370007720f79,ce6d45df-8c02-4760-9be3-51c05d369f56
61e6637b2cdc370007721071,0872f39d-999f-48ca-87ef-692adbb86165
61e66d8d2cdc3700077210db,38ad0cd8-f4a5-4c2f-826f-850a60f55d94
61e6b2192cdc37000772131d,b941a952-430a-4a9c-a790-93ed384b3a40
61e6b4ac2cdc370007721399,400a1967-759f-463a-ba4c-46c759214f64
61e6b4b42cdc3700077213aa,b29929ba-6039-40cf-a17a-3b4cc61b7db9
61e6b6cf2cdc370007721406,d672fc7d-e6a4-4623-a541-3cd0639a3039
61e6baaf2cdc3700077214d5,2549a5b7-4ccd-42f6-8f0d-87cdfee2229c
61e7c1d32cdc37000772163b,f49e244e-c4b5-46ad-926b-1dc11a970bc4
61e7c1e62cdc370007721657,79fe634c-7467-4396-9310-5821e6dcf77d
61e7c2502cdc370007721670,46ef2637-4cde-4f16-8c68-8728e3938010
61e7c94e2cdc3700077216d8,1e3e5700-c808-469b-b9ac-d9396d9be361
61e8f5972cdc370007721776,0b537170-7b75-4b37-a97d-a1f55b34ff0d
61e8f8782cdc3700077217aa,eb863463-0c2c-42ed-8ae4-a8aed691e2f3
61e944742cdc37000772184e,3b812737-5ed9-4ed2-ba0c-048a1e3d5f05
61e944972cdc370007721858,8723d50f-caf0-467a-8aef-685f2e5ff0da
61fa6d218243030007530271,66f38d75-77de-43e3-9510-e709f2cbb291
61fcf6c24d342d000849df31,55c13440-fd92-4be5-97f9-327dda83da90
61fd4ea64d342d000849e094,28705ade-9d9c-4af5-bc19-7fa01c00a960
61fe52f84d342d000849e115,95c2d61d-de89-4fc9-bee5-90f918cc5a12
61fe54c04d342d000849e129,debbc5ab-af23-4006-b5fe-322ff36c3c9a
61fe55de4d342d000849e14e,d6cbeb13-f5ed-4456-9122-fe22a33d85b4
6202241e858d7b00072b469f,02f8a73b-41ea-4b51-92b4-15f0727510e6
620226fa858d7b00072b4709,3050caaa-3618-44ee-9536-f47016448a23
62022c98858d7b00072b47a5,0aac66d2-a87a-4976-9994-76ac7da6b056
62035e34eaef690007116cfa,9af10753-c020-41e3-b886-e3ef07638775
6204a201eaef690007117224,1dd53035-92a3-4f14-812f-ae4ba51320df
6204f981eaef6900071174ca,b8119208-e5e2-4beb-a5aa-e9aaba61151f
6205f074eaef6900071177cf,66c7c0e6-efaa-4d79-996e-22de561f95a6
6205f266eaef690007117852,700de81a-dcd0-4af9-b402-694be00572a9
6205fc68eaef6900071178e9,0d460892-629c-4d46-8ec1-998276846518
6205fdfceaef69000711791b,dd88d79e-7354-43ac-88b3-3a1c181377eb
620656b6eaef690007117c73,3db3ec06-0939-4b91-bf4c-08be419bc803
62066b56eaef690007117d4f,11198349-ec77-4107-8a6d-1d943554f565
62066e6aeaef690007117d99,09f449fd-1647-46b9-8967-02420810f71f
6209e7d0eaef690007118055,3cbfe340-af16-4832-bab6-e1062cbfa378
6209e921eaef690007118079,54d1129f-b8da-4ca7-8abf-792e9f27524e
6209ec14eaef6900071180ac,c19b40ab-5a15-40b1-ab34-b993bb66cdbc
620a079aeaef6900071181f1,0bd77a62-4380-476a-983f-941c7f0f4fc4
620a15d7eaef6900071182ff,a56422b9-e1a3-454f-a0ac-31e759cbd935
620a240feaef690007118396,52976dde-ab2c-4adc-a1a3-9d10b132818b
620a363feaef69000711848b,6ac33657-ffca-48eb-8feb-d5c8fd973a3d
620a3d1deaef690007118506,765f4912-3a99-45d9-8900-dada04a329ff
620a59e8eaef69000711866d,b1a4f25d-60a6-467f-bca5-0dc88beb3dde
620a60cdeaef690007118722,de1d0ae1-ad44-4d85-9294-6a08d1cefd97
620a6347eaef69000711873d,e81e928f-4932-491a-9353-13f255196bd8
620a6d7aeaef6900071187b9,e1e41222-6432-4865-8d92-96714502f7cb
620a7805eaef690007118813,1b4b0b5f-41e7-4f03-80b8-af0de12a31ea
620a7a19eaef69000711885c,a25e4430-3851-402c-a1a3-d52fb3e81d6d
620c8b81eaef690007118b35,2143dce0-ade8-48c4-8c62-e5e861cea779
620cd1ffeaef690007118c11,9005a76d-cba4-46d1-a435-18751a2eaa61
620df449eaef690007118e4d,531eddbe-d0be-4997-8ab1-8046e1d88a6a
620dfeb3eaef690007118fa4,ccfaafc4-9dfe-4ff1-98ff-1b3237333fef
620dffedeaef690007118ff2,91ba1fd5-eceb-45dc-98de-aa2d4497dbce
620e0f1ceaef690007119143,a490d171-73e7-499d-bd77-5dace4a9f92d
620e0f8ceaef690007119168,112b2d28-40eb-4f99-9ff3-0e8f7ba8ef00
620e0ff5eaef690007119190,2c6e0610-c528-49d4-8bae-45b9d931e079
620f3f56eaef6900071194d5,30a13dff-9707-4348-9ccd-244d0748d999
620f5307eaef690007119622,acd36af9-8d55-4b73-9f45-816728299225
620f9781eaef690007119986,10e44512-3b8d-4d93-8fe1-eef5462ca9b9
620f9859eaef6900071199cd,8dd7ca03-a8e7-482a-a8d4-4c0b3213317c
620f9964eaef690007119a39,c3c89368-261c-4c5c-8cef-abe17800adae
62136d93eaef690007119e73,008beb01-86e4-4f20-b9cb-aa8742af25de
62137ab8eaef69000711a023,945bf8ef-2635-434d-a87e-142ecb0e78e2
62146618eaef69000711a0d3,a8ed99ac-ee35-4935-8a64-6771ce05cd9e
6214c116eaef69000711a2f5,53c2b51a-c715-4eae-a30b-5b7ff043ba05
6214c9cdeaef69000711a373,d0c676ca-d92d-4453-98cd-c3a389164ea2
6214cd0eeaef69000711a3f4,27747e29-0666-400b-bf07-3eec0acf0f58
6215d554eaef69000711a4fd,6addcf64-0fd5-4ecd-a0ff-adac99945180
6216257aeaef69000711a76e,11306998-04bf-4d2a-91f3-f4793c21f6a5
6217152ceaef69000711a8a7,5168e1ee-aecb-459e-9075-7a8f7ad8793b
62172662eaef69000711a94e,80207024-d0c9-488d-96d7-39e83e8b217c
62174407eaef69000711ab1e,7de74713-6640-4755-9118-a98ae08b97e4
62186a81eaef69000711ac2a,9fb54ac5-cd24-423c-91ad-1bc9dcf13f67
621876e0eaef69000711ac61,2394b27f-16ba-4ef9-9b9c-89f47efb7f6d
6218c3f35fa31a00073f677d,abd1a8ea-5783-4db7-9ff9-3cffe172cca4
6218c4615fa31a00073f679b,8e367c51-230e-4216-9131-1a4d368cc11c
621c7a6a56751000081185cc,98fb124c-a8b3-4346-9b0a-6093ac437cb4